Variant_ID	REF_barcode	ALT_barcode
rs111511018	AACTTAGAC:ATAGTTGTA:CTCACCACA:CTGTTCAGT:GAATGTGAA:GCAACCGGC:GTCTTAATT:TATCCAGAG:TATTGACGG:TCAGACGGT	ACAGCGCAT:AGACCAGCT:GCCAGGACC:GCTACAGTA:TACACACCT:TAGCGGTGT:TATTGCGCT:TCCTGAAGA:TGTGATTCC:TTCTGACAC
rs112644159	AACCTGGTA:ACTACCAAG:AGCCGGCTA:CACAAGCGT:CAGGAAGCA:CAGTCGGTG:CCTTGCGAC:GATCCAGCG:GCTATCAAG:GGCGCGGAA:TACGGCGGC	AAGCATACT:AGGCGAGAC:CCTTAAGAG:CGCGATAGT:CGCGTAACG:CGTACTAGA:CGTCTCCGG:CTTACTAGC:GAGATAGCG:GAGATTGTT:TGAGGTGTC:TGCTATGAG:TGCTGATCT:TTAGACCAG:TTATCAATC
rs113065267	AACATCACG:AACCGGAAG:ATAGAGCGG:ATGCCTAGA:CGGATTGAC:CTAACTAGG:CTCCTTACC:CTTCAACCG:GAGGCTGTT:GCTACAGCG:GTCGAGCGC:TACCAGTGA:TATCACTAT:TGATGAACT:TGATGCTCT:TGGTGAAGG	ACCTATTCA:ACCTCTTCC:ACCTGCTGC:ATGCTACTC:CTGAGCGCA:GACGAGCAA:GCATCGATA:TAATCTCCA:TCACTAAGG:TCTTACTGA:TGGTTGTTC
rs113517940	ACACGGCCA:AGCGAGAGC:ATCGGCCAG:ATTCTCGTA:GAAGTCGGA:GCCAACATA:GTGAAGGAT:TCGTACTTA:TGCCAGAGT:TTAAGAGAG	ACTTCAACC:AGACATCCA:ATACTTGCC:ATATGCAAC:ATGGATCTG:CGGCCTTGT:CTGAGTACA:GGACATTCA:GTAGTCCGG:GTCGTACAA:TAGAGCTTG:TTACTGATT
rs114284894	AATTACCGG:ACAACCGAC:ACGTGCATA:ATCGTACGA:CACGTGTAA:CCTAGTCCA:CCTCGTGCG:CGACTCTGC:CGGTTAGGT:CGTACCGAG:GAGAGTTGG:GCGGAGACG:GCGTGTACG:GTCTATGAG:TCAGTCAGA:TCCAATACC:TCGTACACT:TGTGGTTAG	ACAGTGCCG:CATATCATT:CCGTCAACC:CCTAGCCTA:CGAGAGACA:CTCAGTCAT:GCCACACTC:GCGCGTCTT:GGACATGGA:TTCGCCAGC
rs114812993	AGTCACTCT:ATTATCGAA:CATTCACAC:CCGACACGA:GAGTTACAT:GGAGGACCG:GTCTGTAGA:GTGCAATGC:GTTCGTCAT:TCGTCTGTG:TTAGCTCAC:TTGCGATAG	ACGCGTCTC:ACTGCGGTG:CAACTTGGA:CAATACGGC:CAGGAAGTG:CGGCGCAGT:CTCGTACCA:GATAACACT:GCCAATCAA:GCGTCCATC:GGACCGGCT:GGTATATCG:GTTGACCAA:TGTATACAA
rs115635895	AAGAGTTAG:AATAGAGGC:ACAGCTCGG:ATCAGAGTT:CAGGCGGTC:CCACAGCGA:CCAGCGTAG:CCGGAACCA:CGCCGTAAG:CTATATAAG:GATATCGGC:GGAGTGATG:TGGATCTTC:TTCCGCCAA	ACGACGCGC:AGCTCAGTA:AGGTGGCAA:AGTGCAAGG:CAGTGTCGG:CATACAAGT:CCAATAGGC:GCTAAGATT:TACGTCTCG:TGCTACTTA:TGGCATTAG
rs115915033	AACTACACG:AGCGCACCA:CCAAGTGAC:CCAGTTCTG:CGCATAGTA:CTACTAATT:GCATCTTCG:GCCGACCTT:GGCAGTTAC:GTACTTCTA:GTGTACGGT:TCTTGCATA:TGACTTGTC:TGTGAGGCT	AGAATAGTG:ATAGGAGCG:ATATGCGGC:ATTGCGTCT:CCTTGCGCG:CTAGTCATC:CTGCCTAAT:GAACATGAA:GGTCGTATA
rs116100242	ACAGAGTGG:ATGGTAGCC:CATCAACGA:CGACGGACC:CGTTCGCCG:GAGACTGCT:GGATACCTA:TCCTATTAG	ATAGCGTTG:ATGACTGCA:CGTGAATAT:CGTGTGGTG:GACCTATCT:GTAGAGCGA:GTCCTGGAG:TAGACAAGA:TCGCGCACT:TTCCAGGCC
rs116103449	ACAAGTGAA:ACGTGTCTT:AGCAGGCGG:AGGTACGTC:ATGCTCGAA:ATGGTATCG:CCATCTTCC:CTATCGTCG:GATCATCTC:GGAATAGCG:GGACGGCCT:GGATCGAAG:GTCCTATAC:GTGGCTCCT:TCCTACGAT:TGGATCAAT	AACTGTACG:AGCTAGTGC:AGCTATTGG:ATGTACAGT:CAGTTCGTT:CTCCGGCAT:GGCCAACAT:TAACAATTG:TATCGTACC:TGTATCAGG:TGTTCTTGA
rs116386160	AAGCATGAA:CACGATGAC:CAGAGTAGG:CTCCTGATG:GAATATCAC:TAGGTCTAG:TCAAGGCAC:TCTTGCCTC:TGACTATAA:TGTAGATCG:TGTAGTTGG	AACGCAACC:ATCCGATAG:CACCTTAAC:CACTTCACG:CATTAAGTA:GATGACGGA:TAAGGTGAA:TCGCTGTTG:TGATAGATC:TGGACAATT
rs116440705	AAGAAGCTA:AAGTGAGCG:ACGTCATCT:AGAAGTGTA:ATGTATATG:CAAGGTCCG:CACCACATT:CCGCAAGGC:CGACTAACA:GCGAAGAAT:GTCATCCGC:GTTATCGAG:GTTGGTTCT:TCTTAGTTG:TGCGATAGC:TGTTAGAAC:TTATCATCG	AAGGTACGG:AAGTTCAGT:AGTTGGACC:ATATGTTAG:CAGGCAGAA:CCGGTTCGT:CTACTAACC:GTCGGATCG:TCAAGCCTT:TGTTAATAG:TTAAGCCGA:TTATGCTAT:TTCTCGGTG
rs116967306	AACCGCTAA:AGAGCAGGC:CGCGACTGA:CTCAATATT:GAAGATTCT:GCAACGCAT:GCGTAGGAA:TGCCGCCAT:TGTGACATG	ATGGTCAGC:ATGTGCAAT:CGTGAGACT:CGTGGAGCC:CTTAGGTGA:GAGTTCAGC:GTGTCCTGC:TATGAGATC
rs117251220	AAGACAATG:ACCAAGCCG:AGGCATTAT:CAATGACGC:CAGAGAACG:CAGTAAGCC:CAGTCCTTG:CATGGTCGG:CGTAGAACC:CTCCTGAGC:GAGGAGCAC:GCAATTGCA:GCGAGTCTG:GTAGCTATG:GTATATTGA:TCGAAGTTG:TCGCGCAAG:TGATCAATA	ACCTCGACC:AGTCTAGTG:CATGTTCGT:GCCAGATAC:GTTGGTCGG:TGTTCATGC:TTGACGTAG
rs117452529	ACAGCTATG:ACATACATA:AGAGTCCGT:CACCGGTGA:CAGGCGGCT:CGGTGAGTT:GAATTACTA:GACGCTGAT:GAGCACCAT:GGAACATGG:GTTCGGCGA:TCAACCTCG:TCCGACATT:TGTACGAGC	AAGTTCCTC:AATGGCTAT:AGTAGGATA:ATACATCGG:ATCCTTACA:CCGTTATGT:CCTAGAGCG:CTTGCACGC:GCGGCAGTC:GTGTTCCAT:TCATCTACA:TGGAGCGAA:TGGAGTACC
rs148098161	ACAGCATAT:ACAGCGCTG:AGACGTGCT:AGAGTAAGC:AGTCACTGA:CATAGCCTT:CCTGGCTCG:CGGTATTGA:GTAGCCAAC:TCACAGGTA:TCGTCATAC:TTGAGTCTC	AACTGCGCG:AAGTGTCGC:AGGTAACGG:ATCTACCAC:CATTGGTTC:CCGTGCCAT:CGATACATG:CGCGTATGG:CTGAGACCG:GATCAGATT:GTTAAGCGC:TCAGTGTCT:TCCGAGAAC
rs149744895	ACGGACTGT:AGAGGCAGC:ATACCGAAT:ATTCGTCAC:GACATCCGG:GAGTCGCGC:GTACAACAT:GTAGCAGTC:TCCTACCTC:TGAGTGCCG	ACGATCGGT:ACGCATAAT:ATACACCAG:GCAAGGACA:GCGGACTTG:GGTCACCGA:GTCACTCCA:TACTCAGGA:TCGGATTAG:TCTGACGAA
rs1057897	ACCGCTACC:CAAGACGGA:CACAGTACA:CGGAGACAA:CGTAGTATG:GATCGCCTC:GATCGGTTA:GCGTCAAGT:GTAACCTCT:GTCCGTTCA:GTCGCTTAT:TCATTAGCC:TGAACTAAC:TTAGCACTC	ATGGATGTT:CAGCAACCG:CAGGTACTA:CGCATAAGC:CTAAGGAGG:CTGTGCCTA:GACTTCTCG:GATTCTGTC:GTTGATCCT:TAGATTGTA:TGCTGGATA
rs4378658	AACTGCAAT:ACGTGTGAC:ATCCGGAGT:CAGAACATT:CCGTGCCTG:CTGGTCGGA:CTGTTAAGG:GAACAACAA:GCCTCCTGG:TCGACCACC:TTAACAGTA:TTCATTCGA	ATCTATGTT:CAATGATAC:CACAACATG:CACGATTCT:CAGACTTAG:CAGCTGCAG:CTGGCAGAT:GAGCGATTC:GCCACACCT:GCGACATCG:GTCTACCTG:GTGGAGTTC:TAATTATGG:TGTCAAGTG
rs4793995	AATCATTAG:AATGCTGAT:ACCGCGATG:ACGCGGTAT:AGCTACCTT:CAGGCCTAG:CATAGATAC:CGCTATCTG:CGGTGGTAT:CTCACATAC:GACCTCGGA:GAGGTTGTC:GCAACTCTT:GCCTATAAG:GCGCGACAC:GCTACTACT:GGTGCTCTC:TACTTAATC	AGGCCGTGC:ATGATCGAT:ATGGCGGTT:CAACGCCTC:CAAGACTCA:CAGAGTCAC:CCAAGACAC:GTTCGAGGT:TACCTCCTC:TCATGGTCT:TCCTCCGTT
rs62075820	AAGACGCAG:AGCATCCTT:CATCGGAGT:CCGCGATAG:CCTTATTAG:CGTCCGTGT:CGTGATCGG:GCAAGTTCA:GCGCAACAT:GGCCAATCG:TCCGCCGAT:TGCATCGAA:TGCCTGTCA:TGCTGCGTC:TGTCTGCCA	AACAGTCCA:AATGGAACA:CAGCTGCGA:CGCCGTTAC:CGGTGCAAT:CTATAAGCG:CTCCTCTAC:GGAATGCTC:GTATACTGG:TATCGCGTT:TATCGTCAC:TGGCTTAGA:TTAACCGTC:TTCCGGTTG
rs62075844	ACCGTGGCA:CATCAATGG:CATCATCGT:GAGTTACCA:GCAGTACAC:GCGACGGTC:GTCGGCCTT:TACGCGGCA:TAGTCATCC:TCAGTATCC:TCTTACCTT:TGCCTATAC	AAGTGGTCC:ACCAGGTGT:ACGTAATTA:AGATACTGT:ATGCGAGGA:CAACTGCTT:CCTTCTGTC:CGCGTTCAC:GACGTCCGA:GAGTTAGAA:TAGATAGTC:TGCGCGGTA:TGTAACCAG:TGTAATCGG:TTAGCCGAA
rs62078375	AACTGCGAC:CAAGAGCCT:CGATAGGAG:CGATGCGTG:GAATGAAGC:GGACATACC:GGAGTCTCG:TCTCAGCAT:TGGATGATT:TTCAACATT	AATTGCAAC:ACTAGGCAC:CCATTCGGC:GCACCGCAA:GTACAACTG:TCACTCGGC:TGTACTTAT:TTAACATGA
rs28678901	AATCGACGC:ACAGGAACG:ATGAACTGT:CTCTAGCGC:GACATGCTA:GCTACCATT:GCTAGTGCG:GGAGTTCAC:GTGCGCCTT:TACCTCTAA:TATCGGATG:TCAAGCGGT:TCTTGCGAT:TGCTGGCGA:TGTTAGCTC:TTCAACCGT	ACGACGGAA:AGAAGATAT:ATTACTCTG:CGCAGTGCA:CTCAGGCCT:GCGCTTCTA:GCGGTGGCT:GGCAGCGTC:TATGTGTAA:TGCACTCAT:TTATCTCAG
rs28781888	AACAGGAGT:AGTAGTTAC:CAATTCTGC:CACGCTATT:CGATGGCGC:GAGGACAGC:GTTGATTCC:TCACATCCG:TCTAGTCGT:TTCAGGCTT:TTCCGAATC	ACCATATGG:CACACAGTA:CCTGTCGGT:CTCTCTATT:GACTATTCC:GCTCCGTTA:TAACCGTGA:TACACAGTG:TCTCAACAC
rs28858500	ACAACTGCA:AGATAACGA:ATCTATAGA:CAAGGCCTG:CCATCATGT:CGACCTAGG:CGAGTTCGG:CTGCAGTAA:CTTGAGTTC:GATAGTCCA:GCGAGCGAG:GTGTCTCTG:TAACAACCG:TAGAGGATA:TCCGTATTA:TGCTACACT:TGCTGCGAG	AACCACTGA:AGTGTCCTT:ATCAATCTT:ATTGACTAA:CTATGACCT:CTGGAATTG:CTGTCCTGA:GACGGTCCA:GATGCAATT:GGACTCAAC:GTGATACCA:TAGACGCGT:TAGGCACGT:TCTAGCCAT
rs3101443	ATAGATTCA:ATGTCATAA:CAAGAGTAA:CCTTCAAGT:CTAGCACAA:GAGTTGGTC:GATTACTCC:GCGATTAAT:GCGTGCCTT:GCTTGTTAC:GTATTCAGG:GTTGGTGTA:TGTGGAATT	AAGTCTACG:AATGATGAG:AATTGTACA:ACATGAGCC:ACATTGTAA:AGGTAGAGT:CAAGTCAAT:CATACACCT:CGATACCAA:GCTCTACGC:GTAATAACC:TGCTTGTAC:TTCTCAGCG
rs3759791	ATGCGCGTG:CCGAGTGTG:CGTTCATTA:CTTGTGTTA:GATGGCGTT:GCATGAGTC:GCGATACCG:GCGCGGTAC:GGATATTAC:TCATCTAAT	AATAGTTGC:ACGCCTTAT:AGCCGAGTT:CCAACCATT:CCGAGTTCC:CTGCAGGAT:GACCGCGAC:GCTTCTATA:TAATTGACA:TACGAATTA:TAGAGCTGC
rs3784275	AACCACAAT:AACTGCTCT:AATACAACC:ACACTTAGG:CAGGATGGA:CAGTCTAAG:CCGAGACTG:GAGCGGCCT:GATTCGTCT:GCACATATG:GCACTAATG:GCTTGAGAC:TATTAGTGA:TGCGTGTCC:TGCTACTCG	ACCTCGTCA:ACGCAGTAC:CCAATCAGA:CCAGTAGAC:CCTGGTGGA:CTACTCCAG:GCAGAACCT:GCAGCGTCA:GGCTACGTG:TCTCAGTAC:TGGCAATGC:TTCTTGGTA
rs76542740	AAGAATGAT:CATGGCCTC:CCAGGAGAA:CGATGATAT:CGTGCGAAT:CTATGGACA:CTCTAGTGT:GATTCGATG:GGCCTGGTA:GTTAGCCAA:TAGGATCTG:TATGCCTCG:TATGCTATT:TCAGCACAA:TCCAAGTCT:TCGGCGTCT:TGGTGTAAT:TTGGTAGTG	AATACTGGT:ACGAGGAAT:AGTAACCAT:ATAATCCGG:CAGACTGTA:CCACCGATC:CCTATACGT:GATGTAGAA:GCTGTGCTC:TAAGAAGTG
